POI number,Initialization,FFTCC,NR,Strain
30000,0.0036282,0.0322255,1.08199,0.170126
