POI number,Initialization,FFTCC,ICGN
30000,0.0019015,0.0333713,0.552294
