POI number,Initialization,FFTCC,ICLM
30000,0.0024713,0.0265359,0.737561
